Date,Source,Site ID,POC,Daily Mean PM2.5 Concentration,UNITS,DAILY_AQI_VALUE,Site Name,DAILY_OBS_COUNT,PERCENT_COMPLETE,AQS_PARAMETER_CODE,AQS_PARAMETER_DESC,CBSA_CODE,CBSA_NAME,STATE_CODE,STATE,COUNTY_CODE,COUNTY,SITE_LATITUDE,SITE_LONGITUDE
1/1/2020,AirNow,60370016,3,9.7,ug/m3 LC,40,Glendora,1,100,88502,Acceptable PM2.5 AQI & Speciation Mass,31080,"Los Angeles-Long Beach-Anaheim, CA",6,California,37,Los Angeles,34.14435,-117.85036
1/2/2020,AirNow,60370016,3,10.1,ug/m3 LC,42,Glendora,1,100,88502,Acceptable PM2.5 AQI & Speciation Mass,31080,"Los Angeles-Long Beach-Anaheim, CA",6,California,37,Los Angeles,34.14435,-117.85036
1/3/2020,AirNow,60370016,3,6.6,ug/m3 LC,28,Glendora,1,100,88502,Acceptable PM2.5 AQI & Speciation Mass,31080,"Los Angeles-Long Beach-Anaheim, CA",6,California,37,Los Angeles,34.14435,-117.85036
1/4/2020,AirNow,60370016,3,16.1,ug/m3 LC,59,Glendora,1,100,88502,Acceptable PM2.5 AQI & Speciation Mass,31080,"Los Angeles-Long Beach-Anaheim, CA",6,California,37,Los Angeles,34.14435,-117.85036
1/5/2020,AirNow,60370016,3,12,ug/m3 LC,50,Glendora,1,100,88502,Acceptable PM2.5 AQI & Speciation Mass,31080,"Los Angeles-Long Beach-Anaheim, CA",6,California,37,Los Angeles,34.14435,-117.85036
1/6/2020,AirNow,60370016,3,7,ug/m3 LC,29,Glendora,1,100,88502,Acceptable PM2.5 AQI & Speciation Mass,31080,"Los Angeles-Long Beach-Anaheim, CA",6,California,37,Los Angeles,34.14435,-117.85036
1/7/2020,AirNow,60370016,3,5.8,ug/m3 LC,24,Glendora,1,100,88502,Acceptable PM2.5 AQI & Speciation Mass,31080,"Los Angeles-Long Beach-Anaheim, CA",6,California,37,Los Angeles,34.14435,-117.85036
1/8/2020,AirNow,60370016,3,11,ug/m3 LC,46,Glendora,1,100,88502,Acceptable PM2.5 AQI & Speciation Mass,31080,"Los Angeles-Long Beach-Anaheim, CA",6,California,37,Los Angeles,34.14435,-117.85036
1/9/2020,AirNow,60370016,3,9.8,ug/m3 LC,41,Glendora,1,100,88502,Acceptable PM2.5 AQI & Speciation Mass,31080,"Los Angeles-Long Beach-Anaheim, CA",6,California,37,Los Angeles,34.14435,-117.85036
1/10/2020,AirNow,60370016,3,9.2,ug/m3 LC,38,Glendora,1,100,88502,Acceptable PM2.5 AQI & Speciation Mass,31080,"Los Angeles-Long Beach-Anaheim, CA",6,California,37,Los Angeles,34.14435,-117.85036
1/11/2020,AirNow,60370016,3,10.8,ug/m3 LC,45,Glendora,1,100,88502,Acceptable PM2.5 AQI & Speciation Mass,31080,"Los Angeles-Long Beach-Anaheim, CA",6,California,37,Los Angeles,34.14435,-117.85036
1/12/2020,AirNow,60370016,3,13.9,ug/m3 LC,55,Glendora,1,100,88502,Acceptable PM2.5 AQI & Speciation Mass,31080,"Los Angeles-Long Beach-Anaheim, CA",6,California,37,Los Angeles,34.14435,-117.85036
1/13/2020,AirNow,60370016,3,15.3,ug/m3 LC,58,Glendora,1,100,88502,Acceptable PM2.5 AQI & Speciation Mass,31080,"Los Angeles-Long Beach-Anaheim, CA",6,California,37,Los Angeles,34.14435,-117.85036
1/14/2020,AirNow,60370016,3,21.5,ug/m3 LC,71,Glendora,1,100,88502,Acceptable PM2.5 AQI & Speciation Mass,31080,"Los Angeles-Long Beach-Anaheim, CA",6,California,37,Los Angeles,34.14435,-117.85036
1/15/2020,AirNow,60370016,3,28,ug/m3 LC,84,Glendora,1,100,88502,Acceptable PM2.5 AQI & Speciation Mass,31080,"Los Angeles-Long Beach-Anaheim, CA",6,California,37,Los Angeles,34.14435,-117.85036
1/16/2020,AirNow,60370016,3,20.5,ug/m3 LC,69,Glendora,1,100,88502,Acceptable PM2.5 AQI & Speciation Mass,31080,"Los Angeles-Long Beach-Anaheim, CA",6,California,37,Los Angeles,34.14435,-117.85036
1/17/2020,AirNow,60370016,3,6.3,ug/m3 LC,26,Glendora,1,100,88502,Acceptable PM2.5 AQI & Speciation Mass,31080,"Los Angeles-Long Beach-Anaheim, CA",6,California,37,Los Angeles,34.14435,-117.85036
1/18/2020,AirNow,60370016,3,5.1,ug/m3 LC,21,Glendora,1,100,88502,Acceptable PM2.5 AQI & Speciation Mass,31080,"Los Angeles-Long Beach-Anaheim, CA",6,California,37,Los Angeles,34.14435,-117.85036
1/19/2020,AirNow,60370016,3,6.3,ug/m3 LC,26,Glendora,1,100,88502,Acceptable PM2.5 AQI & Speciation Mass,31080,"Los Angeles-Long Beach-Anaheim, CA",6,California,37,Los Angeles,34.14435,-117.85036
1/20/2020,AirNow,60370016,3,15.6,ug/m3 LC,58,Glendora,1,100,88502,Acceptable PM2.5 AQI & Speciation Mass,31080,"Los Angeles-Long Beach-Anaheim, CA",6,California,37,Los Angeles,34.14435,-117.85036
1/21/2020,AirNow,60370016,3,11.7,ug/m3 LC,49,Glendora,1,100,88502,Acceptable PM2.5 AQI & Speciation Mass,31080,"Los Angeles-Long Beach-Anaheim, CA",6,California,37,Los Angeles,34.14435,-117.85036
1/22/2020,AirNow,60370016,3,12.1,ug/m3 LC,51,Glendora,1,100,88502,Acceptable PM2.5 AQI & Speciation Mass,31080,"Los Angeles-Long Beach-Anaheim, CA",6,California,37,Los Angeles,34.14435,-117.85036
1/23/2020,AirNow,60370016,3,6.3,ug/m3 LC,26,Glendora,1,100,88502,Acceptable PM2.5 AQI & Speciation Mass,31080,"Los Angeles-Long Beach-Anaheim, CA",6,California,37,Los Angeles,34.14435,-117.85036
1/24/2020,AirNow,60370016,3,10.1,ug/m3 LC,42,Glendora,1,100,88502,Acceptable PM2.5 AQI & Speciation Mass,31080,"Los Angeles-Long Beach-Anaheim, CA",6,California,37,Los Angeles,34.14435,-117.85036
1/25/2020,AirNow,60370016,3,16.8,ug/m3 LC,61,Glendora,1,100,88502,Acceptable PM2.5 AQI & Speciation Mass,31080,"Los Angeles-Long Beach-Anaheim, CA",6,California,37,Los Angeles,34.14435,-117.85036
1/26/2020,AirNow,60370016,3,36.9,ug/m3 LC,104,Glendora,1,100,88502,Acceptable PM2.5 AQI & Speciation Mass,31080,"Los Angeles-Long Beach-Anaheim, CA",6,California,37,Los Angeles,34.14435,-117.85036
1/27/2020,AirNow,60370016,3,20,ug/m3 LC,68,Glendora,1,100,88502,Acceptable PM2.5 AQI & Speciation Mass,31080,"Los Angeles-Long Beach-Anaheim, CA",6,California,37,Los Angeles,34.14435,-117.85036
1/28/2020,AirNow,60370016,3,6.2,ug/m3 LC,26,Glendora,1,100,88502,Acceptable PM2.5 AQI & Speciation Mass,31080,"Los Angeles-Long Beach-Anaheim, CA",6,California,37,Los Angeles,34.14435,-117.85036
1/29/2020,AirNow,60370016,3,6.7,ug/m3 LC,28,Glendora,1,100,88502,Acceptable PM2.5 AQI & Speciation Mass,31080,"Los Angeles-Long Beach-Anaheim, CA",6,California,37,Los Angeles,34.14435,-117.85036
1/30/2020,AirNow,60370016,3,6,ug/m3 LC,25,Glendora,1,100,88502,Acceptable PM2.5 AQI & Speciation Mass,31080,"Los Angeles-Long Beach-Anaheim, CA",6,California,37,Los Angeles,34.14435,-117.85036
1/31/2020,AirNow,60370016,3,4.4,ug/m3 LC,18,Glendora,1,100,88502,Acceptable PM2.5 AQI & Speciation Mass,31080,"Los Angeles-Long Beach-Anaheim, CA",6,California,37,Los Angeles,34.14435,-117.85036
2/1/2020,AirNow,60370016,3,4.6,ug/m3 LC,19,Glendora,1,100,88502,Acceptable PM2.5 AQI & Speciation Mass,31080,"Los Angeles-Long Beach-Anaheim, CA",6,California,37,Los Angeles,34.14435,-117.85036
2/2/2020,AirNow,60370016,3,8.1,ug/m3 LC,34,Glendora,1,100,88502,Acceptable PM2.5 AQI & Speciation Mass,31080,"Los Angeles-Long Beach-Anaheim, CA",6,California,37,Los Angeles,34.14435,-117.85036
2/3/2020,AirNow,60370016,3,6.1,ug/m3 LC,25,Glendora,1,100,88502,Acceptable PM2.5 AQI & Speciation Mass,31080,"Los Angeles-Long Beach-Anaheim, CA",6,California,37,Los Angeles,34.14435,-117.85036
2/4/2020,AirNow,60370016,3,7.2,ug/m3 LC,30,Glendora,1,100,88502,Acceptable PM2.5 AQI & Speciation Mass,31080,"Los Angeles-Long Beach-Anaheim, CA",6,California,37,Los Angeles,34.14435,-117.85036
2/5/2020,AirNow,60370016,3,6.9,ug/m3 LC,29,Glendora,1,100,88502,Acceptable PM2.5 AQI & Speciation Mass,31080,"Los Angeles-Long Beach-Anaheim, CA",6,California,37,Los Angeles,34.14435,-117.85036
2/6/2020,AirNow,60370016,3,13.5,ug/m3 LC,54,Glendora,1,100,88502,Acceptable PM2.5 AQI & Speciation Mass,31080,"Los Angeles-Long Beach-Anaheim, CA",6,California,37,Los Angeles,34.14435,-117.85036
2/7/2020,AirNow,60370016,3,18.7,ug/m3 LC,65,Glendora,1,100,88502,Acceptable PM2.5 AQI & Speciation Mass,31080,"Los Angeles-Long Beach-Anaheim, CA",6,California,37,Los Angeles,34.14435,-117.85036
2/8/2020,AirNow,60370016,3,22.4,ug/m3 LC,73,Glendora,1,100,88502,Acceptable PM2.5 AQI & Speciation Mass,31080,"Los Angeles-Long Beach-Anaheim, CA",6,California,37,Los Angeles,34.14435,-117.85036
2/9/2020,AirNow,60370016,3,11.8,ug/m3 LC,49,Glendora,1,100,88502,Acceptable PM2.5 AQI & Speciation Mass,31080,"Los Angeles-Long Beach-Anaheim, CA",6,California,37,Los Angeles,34.14435,-117.85036
2/10/2020,AirNow,60370016,3,3.9,ug/m3 LC,16,Glendora,1,100,88502,Acceptable PM2.5 AQI & Speciation Mass,31080,"Los Angeles-Long Beach-Anaheim, CA",6,California,37,Los Angeles,34.14435,-117.85036
2/11/2020,AirNow,60370016,3,7,ug/m3 LC,29,Glendora,1,100,88502,Acceptable PM2.5 AQI & Speciation Mass,31080,"Los Angeles-Long Beach-Anaheim, CA",6,California,37,Los Angeles,34.14435,-117.85036
2/12/2020,AirNow,60370016,3,8.2,ug/m3 LC,34,Glendora,1,100,88502,Acceptable PM2.5 AQI & Speciation Mass,31080,"Los Angeles-Long Beach-Anaheim, CA",6,California,37,Los Angeles,34.14435,-117.85036
2/13/2020,AirNow,60370016,3,12.1,ug/m3 LC,51,Glendora,1,100,88502,Acceptable PM2.5 AQI & Speciation Mass,31080,"Los Angeles-Long Beach-Anaheim, CA",6,California,37,Los Angeles,34.14435,-117.85036
2/14/2020,AirNow,60370016,3,14.4,ug/m3 LC,56,Glendora,1,100,88502,Acceptable PM2.5 AQI & Speciation Mass,31080,"Los Angeles-Long Beach-Anaheim, CA",6,California,37,Los Angeles,34.14435,-117.85036
2/15/2020,AirNow,60370016,3,16.4,ug/m3 LC,60,Glendora,1,100,88502,Acceptable PM2.5 AQI & Speciation Mass,31080,"Los Angeles-Long Beach-Anaheim, CA",6,California,37,Los Angeles,34.14435,-117.85036
2/16/2020,AirNow,60370016,3,18.2,ug/m3 LC,64,Glendora,1,100,88502,Acceptable PM2.5 AQI & Speciation Mass,31080,"Los Angeles-Long Beach-Anaheim, CA",6,California,37,Los Angeles,34.14435,-117.85036
2/17/2020,AirNow,60370016,3,20.6,ug/m3 LC,69,Glendora,1,100,88502,Acceptable PM2.5 AQI & Speciation Mass,31080,"Los Angeles-Long Beach-Anaheim, CA",6,California,37,Los Angeles,34.14435,-117.85036
2/18/2020,AirNow,60370016,3,19.7,ug/m3 LC,67,Glendora,1,100,88502,Acceptable PM2.5 AQI & Speciation Mass,31080,"Los Angeles-Long Beach-Anaheim, CA",6,California,37,Los Angeles,34.14435,-117.85036
2/19/2020,AirNow,60370016,3,26,ug/m3 LC,80,Glendora,1,100,88502,Acceptable PM2.5 AQI & Speciation Mass,31080,"Los Angeles-Long Beach-Anaheim, CA",6,California,37,Los Angeles,34.14435,-117.85036
2/20/2020,AirNow,60370016,3,9.6,ug/m3 LC,40,Glendora,1,100,88502,Acceptable PM2.5 AQI & Speciation Mass,31080,"Los Angeles-Long Beach-Anaheim, CA",6,California,37,Los Angeles,34.14435,-117.85036
2/21/2020,AirNow,60370016,3,8.6,ug/m3 LC,36,Glendora,1,100,88502,Acceptable PM2.5 AQI & Speciation Mass,31080,"Los Angeles-Long Beach-Anaheim, CA",6,California,37,Los Angeles,34.14435,-117.85036
2/22/2020,AirNow,60370016,3,8.2,ug/m3 LC,34,Glendora,1,100,88502,Acceptable PM2.5 AQI & Speciation Mass,31080,"Los Angeles-Long Beach-Anaheim, CA",6,California,37,Los Angeles,34.14435,-117.85036
2/23/2020,AirNow,60370016,3,13.1,ug/m3 LC,53,Glendora,1,100,88502,Acceptable PM2.5 AQI & Speciation Mass,31080,"Los Angeles-Long Beach-Anaheim, CA",6,California,37,Los Angeles,34.14435,-117.85036
2/24/2020,AirNow,60370016,3,15.7,ug/m3 LC,59,Glendora,1,100,88502,Acceptable PM2.5 AQI & Speciation Mass,31080,"Los Angeles-Long Beach-Anaheim, CA",6,California,37,Los Angeles,34.14435,-117.85036
2/25/2020,AirNow,60370016,3,6.9,ug/m3 LC,29,Glendora,1,100,88502,Acceptable PM2.5 AQI & Speciation Mass,31080,"Los Angeles-Long Beach-Anaheim, CA",6,California,37,Los Angeles,34.14435,-117.85036
2/26/2020,AirNow,60370016,3,6.4,ug/m3 LC,27,Glendora,1,100,88502,Acceptable PM2.5 AQI & Speciation Mass,31080,"Los Angeles-Long Beach-Anaheim, CA",6,California,37,Los Angeles,34.14435,-117.85036
2/27/2020,AirNow,60370016,3,5,ug/m3 LC,21,Glendora,1,100,88502,Acceptable PM2.5 AQI & Speciation Mass,31080,"Los Angeles-Long Beach-Anaheim, CA",6,California,37,Los Angeles,34.14435,-117.85036
2/28/2020,AirNow,60370016,3,4.8,ug/m3 LC,20,Glendora,1,100,88502,Acceptable PM2.5 AQI & Speciation Mass,31080,"Los Angeles-Long Beach-Anaheim, CA",6,California,37,Los Angeles,34.14435,-117.85036
2/29/2020,AirNow,60370016,3,8.3,ug/m3 LC,35,Glendora,1,100,88502,Acceptable PM2.5 AQI & Speciation Mass,31080,"Los Angeles-Long Beach-Anaheim, CA",6,California,37,Los Angeles,34.14435,-117.85036
3/1/2020,AirNow,60370016,3,11,ug/m3 LC,46,Glendora,1,100,88502,Acceptable PM2.5 AQI & Speciation Mass,31080,"Los Angeles-Long Beach-Anaheim, CA",6,California,37,Los Angeles,34.14435,-117.85036
3/2/2020,AirNow,60370016,3,6,ug/m3 LC,25,Glendora,1,100,88502,Acceptable PM2.5 AQI & Speciation Mass,31080,"Los Angeles-Long Beach-Anaheim, CA",6,California,37,Los Angeles,34.14435,-117.85036
3/3/2020,AirNow,60370016,3,5.9,ug/m3 LC,25,Glendora,1,100,88502,Acceptable PM2.5 AQI & Speciation Mass,31080,"Los Angeles-Long Beach-Anaheim, CA",6,California,37,Los Angeles,34.14435,-117.85036
3/4/2020,AirNow,60370016,3,12.1,ug/m3 LC,51,Glendora,1,100,88502,Acceptable PM2.5 AQI & Speciation Mass,31080,"Los Angeles-Long Beach-Anaheim, CA",6,California,37,Los Angeles,34.14435,-117.85036
3/5/2020,AirNow,60370016,3,15.4,ug/m3 LC,58,Glendora,1,100,88502,Acceptable PM2.5 AQI & Speciation Mass,31080,"Los Angeles-Long Beach-Anaheim, CA",6,California,37,Los Angeles,34.14435,-117.85036
3/6/2020,AirNow,60370016,3,19,ug/m3 LC,66,Glendora,1,100,88502,Acceptable PM2.5 AQI & Speciation Mass,31080,"Los Angeles-Long Beach-Anaheim, CA",6,California,37,Los Angeles,34.14435,-117.85036
3/7/2020,AirNow,60370016,3,8.8,ug/m3 LC,37,Glendora,1,100,88502,Acceptable PM2.5 AQI & Speciation Mass,31080,"Los Angeles-Long Beach-Anaheim, CA",6,California,37,Los Angeles,34.14435,-117.85036
3/8/2020,AirNow,60370016,3,6.5,ug/m3 LC,27,Glendora,1,100,88502,Acceptable PM2.5 AQI & Speciation Mass,31080,"Los Angeles-Long Beach-Anaheim, CA",6,California,37,Los Angeles,34.14435,-117.85036
3/9/2020,AirNow,60370016,3,5.3,ug/m3 LC,22,Glendora,1,100,88502,Acceptable PM2.5 AQI & Speciation Mass,31080,"Los Angeles-Long Beach-Anaheim, CA",6,California,37,Los Angeles,34.14435,-117.85036
3/10/2020,AirNow,60370016,3,5.5,ug/m3 LC,23,Glendora,1,100,88502,Acceptable PM2.5 AQI & Speciation Mass,31080,"Los Angeles-Long Beach-Anaheim, CA",6,California,37,Los Angeles,34.14435,-117.85036
3/11/2020,AirNow,60370016,3,6.1,ug/m3 LC,25,Glendora,1,100,88502,Acceptable PM2.5 AQI & Speciation Mass,31080,"Los Angeles-Long Beach-Anaheim, CA",6,California,37,Los Angeles,34.14435,-117.85036
3/12/2020,AirNow,60370016,3,7.3,ug/m3 LC,30,Glendora,1,100,88502,Acceptable PM2.5 AQI & Speciation Mass,31080,"Los Angeles-Long Beach-Anaheim, CA",6,California,37,Los Angeles,34.14435,-117.85036
3/13/2020,AirNow,60370016,3,7.7,ug/m3 LC,32,Glendora,1,100,88502,Acceptable PM2.5 AQI & Speciation Mass,31080,"Los Angeles-Long Beach-Anaheim, CA",6,California,37,Los Angeles,34.14435,-117.85036
3/14/2020,AirNow,60370016,3,7.1,ug/m3 LC,30,Glendora,1,100,88502,Acceptable PM2.5 AQI & Speciation Mass,31080,"Los Angeles-Long Beach-Anaheim, CA",6,California,37,Los Angeles,34.14435,-117.85036
3/15/2020,AirNow,60370016,3,7.1,ug/m3 LC,30,Glendora,1,100,88502,Acceptable PM2.5 AQI & Speciation Mass,31080,"Los Angeles-Long Beach-Anaheim, CA",6,California,37,Los Angeles,34.14435,-117.85036
3/16/2020,AirNow,60370016,3,8.8,ug/m3 LC,37,Glendora,1,100,88502,Acceptable PM2.5 AQI & Speciation Mass,31080,"Los Angeles-Long Beach-Anaheim, CA",6,California,37,Los Angeles,34.14435,-117.85036
3/17/2020,AirNow,60370016,3,6.1,ug/m3 LC,25,Glendora,1,100,88502,Acceptable PM2.5 AQI & Speciation Mass,31080,"Los Angeles-Long Beach-Anaheim, CA",6,California,37,Los Angeles,34.14435,-117.85036
3/18/2020,AirNow,60370016,3,5.8,ug/m3 LC,24,Glendora,1,100,88502,Acceptable PM2.5 AQI & Speciation Mass,31080,"Los Angeles-Long Beach-Anaheim, CA",6,California,37,Los Angeles,34.14435,-117.85036
3/19/2020,AirNow,60370016,3,6.7,ug/m3 LC,28,Glendora,1,100,88502,Acceptable PM2.5 AQI & Speciation Mass,31080,"Los Angeles-Long Beach-Anaheim, CA",6,California,37,Los Angeles,34.14435,-117.85036
3/20/2020,AirNow,60370016,3,5.1,ug/m3 LC,21,Glendora,1,100,88502,Acceptable PM2.5 AQI & Speciation Mass,31080,"Los Angeles-Long Beach-Anaheim, CA",6,California,37,Los Angeles,34.14435,-117.85036
3/21/2020,AirNow,60370016,3,7.6,ug/m3 LC,32,Glendora,1,100,88502,Acceptable PM2.5 AQI & Speciation Mass,31080,"Los Angeles-Long Beach-Anaheim, CA",6,California,37,Los Angeles,34.14435,-117.85036
3/22/2020,AirNow,60370016,3,5.9,ug/m3 LC,25,Glendora,1,100,88502,Acceptable PM2.5 AQI & Speciation Mass,31080,"Los Angeles-Long Beach-Anaheim, CA",6,California,37,Los Angeles,34.14435,-117.85036
3/23/2020,AirNow,60370016,3,5.2,ug/m3 LC,22,Glendora,1,100,88502,Acceptable PM2.5 AQI & Speciation Mass,31080,"Los Angeles-Long Beach-Anaheim, CA",6,California,37,Los Angeles,34.14435,-117.85036
3/24/2020,AirNow,60370016,3,6.4,ug/m3 LC,27,Glendora,1,100,88502,Acceptable PM2.5 AQI & Speciation Mass,31080,"Los Angeles-Long Beach-Anaheim, CA",6,California,37,Los Angeles,34.14435,-117.85036
3/25/2020,AirNow,60370016,3,5.7,ug/m3 LC,24,Glendora,1,100,88502,Acceptable PM2.5 AQI & Speciation Mass,31080,"Los Angeles-Long Beach-Anaheim, CA",6,California,37,Los Angeles,34.14435,-117.85036
3/26/2020,AirNow,60370016,3,5.9,ug/m3 LC,25,Glendora,1,100,88502,Acceptable PM2.5 AQI & Speciation Mass,31080,"Los Angeles-Long Beach-Anaheim, CA",6,California,37,Los Angeles,34.14435,-117.85036
3/27/2020,AirNow,60370016,3,6.6,ug/m3 LC,28,Glendora,1,100,88502,Acceptable PM2.5 AQI & Speciation Mass,31080,"Los Angeles-Long Beach-Anaheim, CA",6,California,37,Los Angeles,34.14435,-117.85036
3/28/2020,AirNow,60370016,3,7.7,ug/m3 LC,32,Glendora,1,100,88502,Acceptable PM2.5 AQI & Speciation Mass,31080,"Los Angeles-Long Beach-Anaheim, CA",6,California,37,Los Angeles,34.14435,-117.85036
3/29/2020,AirNow,60370016,3,10.1,ug/m3 LC,42,Glendora,1,100,88502,Acceptable PM2.5 AQI & Speciation Mass,31080,"Los Angeles-Long Beach-Anaheim, CA",6,California,37,Los Angeles,34.14435,-117.85036
3/30/2020,AirNow,60370016,3,9.6,ug/m3 LC,40,Glendora,1,100,88502,Acceptable PM2.5 AQI & Speciation Mass,31080,"Los Angeles-Long Beach-Anaheim, CA",6,California,37,Los Angeles,34.14435,-117.85036
3/31/2020,AirNow,60370016,3,11.5,ug/m3 LC,48,Glendora,1,100,88502,Acceptable PM2.5 AQI & Speciation Mass,31080,"Los Angeles-Long Beach-Anaheim, CA",6,California,37,Los Angeles,34.14435,-117.85036
4/1/2020,AirNow,60370016,3,13.2,ug/m3 LC,53,Glendora,1,100,88502,Acceptable PM2.5 AQI & Speciation Mass,31080,"Los Angeles-Long Beach-Anaheim, CA",6,California,37,Los Angeles,34.14435,-117.85036
4/2/2020,AirNow,60370016,3,12,ug/m3 LC,50,Glendora,1,100,88502,Acceptable PM2.5 AQI & Speciation Mass,31080,"Los Angeles-Long Beach-Anaheim, CA",6,California,37,Los Angeles,34.14435,-117.85036
4/3/2020,AirNow,60370016,3,13.2,ug/m3 LC,53,Glendora,1,100,88502,Acceptable PM2.5 AQI & Speciation Mass,31080,"Los Angeles-Long Beach-Anaheim, CA",6,California,37,Los Angeles,34.14435,-117.85036
4/4/2020,AirNow,60370016,3,10.7,ug/m3 LC,45,Glendora,1,100,88502,Acceptable PM2.5 AQI & Speciation Mass,31080,"Los Angeles-Long Beach-Anaheim, CA",6,California,37,Los Angeles,34.14435,-117.85036
4/5/2020,AirNow,60370016,3,7.7,ug/m3 LC,32,Glendora,1,100,88502,Acceptable PM2.5 AQI & Speciation Mass,31080,"Los Angeles-Long Beach-Anaheim, CA",6,California,37,Los Angeles,34.14435,-117.85036
4/6/2020,AirNow,60370016,3,5.4,ug/m3 LC,23,Glendora,1,100,88502,Acceptable PM2.5 AQI & Speciation Mass,31080,"Los Angeles-Long Beach-Anaheim, CA",6,California,37,Los Angeles,34.14435,-117.85036
4/7/2020,AirNow,60370016,3,5.9,ug/m3 LC,25,Glendora,1,100,88502,Acceptable PM2.5 AQI & Speciation Mass,31080,"Los Angeles-Long Beach-Anaheim, CA",6,California,37,Los Angeles,34.14435,-117.85036
4/8/2020,AirNow,60370016,3,6.3,ug/m3 LC,26,Glendora,1,100,88502,Acceptable PM2.5 AQI & Speciation Mass,31080,"Los Angeles-Long Beach-Anaheim, CA",6,California,37,Los Angeles,34.14435,-117.85036
4/9/2020,AirNow,60370016,3,5.3,ug/m3 LC,22,Glendora,1,100,88502,Acceptable PM2.5 AQI & Speciation Mass,31080,"Los Angeles-Long Beach-Anaheim, CA",6,California,37,Los Angeles,34.14435,-117.85036
4/10/2020,AirNow,60370016,3,4.2,ug/m3 LC,18,Glendora,1,100,88502,Acceptable PM2.5 AQI & Speciation Mass,31080,"Los Angeles-Long Beach-Anaheim, CA",6,California,37,Los Angeles,34.14435,-117.85036
4/11/2020,AirNow,60370016,3,8.6,ug/m3 LC,36,Glendora,1,100,88502,Acceptable PM2.5 AQI & Speciation Mass,31080,"Los Angeles-Long Beach-Anaheim, CA",6,California,37,Los Angeles,34.14435,-117.85036
4/12/2020,AirNow,60370016,3,7,ug/m3 LC,29,Glendora,1,100,88502,Acceptable PM2.5 AQI & Speciation Mass,31080,"Los Angeles-Long Beach-Anaheim, CA",6,California,37,Los Angeles,34.14435,-117.85036
4/13/2020,AirNow,60370016,3,7.5,ug/m3 LC,31,Glendora,1,100,88502,Acceptable PM2.5 AQI & Speciation Mass,31080,"Los Angeles-Long Beach-Anaheim, CA",6,California,37,Los Angeles,34.14435,-117.85036
4/14/2020,AirNow,60370016,3,9,ug/m3 LC,38,Glendora,1,100,88502,Acceptable PM2.5 AQI & Speciation Mass,31080,"Los Angeles-Long Beach-Anaheim, CA",6,California,37,Los Angeles,34.14435,-117.85036
4/15/2020,AirNow,60370016,3,7.3,ug/m3 LC,30,Glendora,1,100,88502,Acceptable PM2.5 AQI & Speciation Mass,31080,"Los Angeles-Long Beach-Anaheim, CA",6,California,37,Los Angeles,34.14435,-117.85036
4/16/2020,AirNow,60370016,3,9.6,ug/m3 LC,40,Glendora,1,100,88502,Acceptable PM2.5 AQI & Speciation Mass,31080,"Los Angeles-Long Beach-Anaheim, CA",6,California,37,Los Angeles,34.14435,-117.85036
4/17/2020,AirNow,60370016,3,9,ug/m3 LC,38,Glendora,1,100,88502,Acceptable PM2.5 AQI & Speciation Mass,31080,"Los Angeles-Long Beach-Anaheim, CA",6,California,37,Los Angeles,34.14435,-117.85036
4/18/2020,AirNow,60370016,3,9.1,ug/m3 LC,38,Glendora,1,100,88502,Acceptable PM2.5 AQI & Speciation Mass,31080,"Los Angeles-Long Beach-Anaheim, CA",6,California,37,Los Angeles,34.14435,-117.85036
4/19/2020,AirNow,60370016,3,9.6,ug/m3 LC,40,Glendora,1,100,88502,Acceptable PM2.5 AQI & Speciation Mass,31080,"Los Angeles-Long Beach-Anaheim, CA",6,California,37,Los Angeles,34.14435,-117.85036
4/20/2020,AirNow,60370016,3,9.9,ug/m3 LC,41,Glendora,1,100,88502,Acceptable PM2.5 AQI & Speciation Mass,31080,"Los Angeles-Long Beach-Anaheim, CA",6,California,37,Los Angeles,34.14435,-117.85036
4/21/2020,AirNow,60370016,3,11.6,ug/m3 LC,48,Glendora,1,100,88502,Acceptable PM2.5 AQI & Speciation Mass,31080,"Los Angeles-Long Beach-Anaheim, CA",6,California,37,Los Angeles,34.14435,-117.85036
4/22/2020,AirNow,60370016,3,12.2,ug/m3 LC,51,Glendora,1,100,88502,Acceptable PM2.5 AQI & Speciation Mass,31080,"Los Angeles-Long Beach-Anaheim, CA",6,California,37,Los Angeles,34.14435,-117.85036
4/23/2020,AirNow,60370016,3,11.9,ug/m3 LC,50,Glendora,1,100,88502,Acceptable PM2.5 AQI & Speciation Mass,31080,"Los Angeles-Long Beach-Anaheim, CA",6,California,37,Los Angeles,34.14435,-117.85036
4/24/2020,AirNow,60370016,3,10.9,ug/m3 LC,45,Glendora,1,100,88502,Acceptable PM2.5 AQI & Speciation Mass,31080,"Los Angeles-Long Beach-Anaheim, CA",6,California,37,Los Angeles,34.14435,-117.85036
4/25/2020,AirNow,60370016,3,13.9,ug/m3 LC,55,Glendora,1,100,88502,Acceptable PM2.5 AQI & Speciation Mass,31080,"Los Angeles-Long Beach-Anaheim, CA",6,California,37,Los Angeles,34.14435,-117.85036
4/26/2020,AirNow,60370016,3,13.5,ug/m3 LC,54,Glendora,1,100,88502,Acceptable PM2.5 AQI & Speciation Mass,31080,"Los Angeles-Long Beach-Anaheim, CA",6,California,37,Los Angeles,34.14435,-117.85036
4/27/2020,AirNow,60370016,3,15.7,ug/m3 LC,59,Glendora,1,100,88502,Acceptable PM2.5 AQI & Speciation Mass,31080,"Los Angeles-Long Beach-Anaheim, CA",6,California,37,Los Angeles,34.14435,-117.85036
